firstname,lastname,number,address
Farrah,Webster,+644(528)426-28-43,104-5645 Amet Rd
Ignatius,Cox,+449(258)699-29-64,7249 Ante Rd
Acton,Mason,+4(452)224-28-24,715-9791 Condimentum St
Sean,Noble,+9(1874)683-25-99,5273 Tincidunt Rd
Christian,Cox,+8(6336)41-37-49,707-8255 Sociis Ave
Ishmael,Mcfadden,+49(523)684-71-55,5071 Aliquam Rd
Cleo,Randall,+2(3883)451-88-78,883-2288 Erat St
Rebekah,Holman,+5(153)596-58-25,6940 Ac Rd
Nayda,Gallagher,+219(534)574-96-45,103-2977 Est Ave
Robert,Cummings,+2(5124)48-29-96,2196 Blandit Rd
Audra,Cote,+4(5967)89-5-9,9181 Aliquam Ave
Sawyer,Ballard,+88(785)573-68-47,153-8743 Ut Ave
Eugenia,Newton,+8(7888)375-59-64,5037 Mauris St
Dustin,Mcfadden,+65(289)677-65-63,1119 Dui St
Abraham,Herrera,+6(4353)432-88-34,268 Nunc Ave
Daryl,Bean,+2(3952)683-87-85,8333 Urna Rd
Francis,Atkins,+7(264)235-17-51,3901 Tellus St
Brenda,Pratt,+5(5621)877-76-74,9828 Sit Ave
Elijah,Mueller,+9(9345)43-1-3,555 Aliquet Ave
Adele,Morris,+58(585)565-82-53,7848 Phasellus St
Libby,Oneal,+5(1383)87-3-3,2782 Et St
Lars,Roberts,+6(8782)556-47-36,200-9179 Netus St
Garrison,Mendoza,+5(4458)93-84-71,2573 Magna St
Chloe,Cline,+5(7228)64-8-3,6626 Erat Rd
Tarik,Fowler,+7(6488)85-63-46,6935 Elementum Rd
Kristen,Richmond,+6(9678)44-91-44,995-7758 Est Ave
May,Stark,+6(7485)655-46-23,9826 Blandit Ave
Kieran,Goff,+3(3748)98-8-8,5582 Faucibus St
Faith,Pena,+8(2897)226-67-53,853-3596 Vestibulum St
George,Cabrera,+5(9237)24-3-8,4049 Nascetur Ave
Abdul,Vaughan,+1(4388)66-2-7,825-346 Ullamcorper Ave
Raphael,Good,+4(8219)598-69-64,9028 Aliquam Rd
Isabella,Heath,+8(553)455-55-36,532-9893 Et Rd
Ivy,Martinez,+3(362)389-24-82,6715 Feugiat St
Skyler,Kirkland,+9(8495)62-53-76,8278 Lacinia Ave
Maxine,Sheppard,+7(886)545-88-84,5649 Luctus Ave
Adrian,Fields,+5(643)832-93-22,8014 Arcu St
Ali,Neill,+1(4337)21-37-14,221 Phasellus Ave
Neve,Holloway,+4(7584)938-25-88,4664 Lacinia Rd
Ann,Rocha,+4(338)871-78-76,2109 Rutrum Rd
Myles,Ellison,+95(176)363-73-35,2077 Cras Rd
Hilel,Pope,+6(7266)532-38-33,1552 Purus Rd
Vaughan,Donovan,+9(2548)46-8-6,7666 Consectetuer Ave
Sawyer,Mills,+85(844)612-91-84,6146 Porttitor St
Graham,Hughes,+5(5839)59-82-57,590 Nam St
Louis,Leach,+467(574)354-74-42,3588 Sociis Rd
Aileen,Gibson,+1(9983)15-34-95,5652 Egestas Rd
Aimee,Carey,+8(638)467-56-73,9899 Integer St
Lana,Boyer,+2(7783)382-55-46,207-2966 Curae Ave
Orli,Dotson,+5(3572)63-2-6,5795 Posuere St
Dexter,Cabrera,+5(2582)81-91-55,314-3950 Dui St
Bert,Mullins,+5(474)126-28-42,328-1541 Quis Ave
Quyn,Cervantes,+397(893)123-48-64,8592 Non Ave
Dieter,Atkinson,+7(3814)94-5-4,777-6008 Sed St
Kaitlin,Grant,+3(773)322-76-58,2925 Pede Rd
Marshall,Stafford,+262(665)189-38-77,3618 Et St
Jesse,Kemp,+8(5891)693-95-16,663-6768 Ipsum Rd
Skyler,Calderon,+6(9363)52-68-68,1792 Commodo Rd
Harlan,Everett,+5(3284)22-67-34,7669 Molestie Ave
Marsden,Gardner,+41(961)129-27-96,9821 Enim St
Lucius,Goodwin,+2(8878)385-24-41,8459 Semper Ave
Sopoline,Reid,+3(9339)889-82-26,9782 Proin Rd
Ulla,Shepherd,+474(745)745-47-82,940-9746 Eget Rd
Kadeem,Yates,+6(992)187-25-87,633-3325 Malesuada Ave
Fleur,Perry,+7(7447)76-61-26,8803 Sollicitudin Ave
Tarik,Sutton,+8(852)751-83-34,4004 In Rd
Suki,Wiley,+51(645)452-37-28,742-5841 Varius St
Jamal,Monroe,+4(249)356-75-87,977-361 Dui Rd
Carson,Michael,+7(4685)62-43-94,4600 Vel Rd
Burke,Lawson,+7(3798)74-5-6,978-2088 Sociosqu Ave
Suki,Mendez,+8(4419)68-6-7,598-2127 Amet Ave
Amery,Calhoun,+5(8415)66-62-12,476-5589 Auctor Ave
Germane,Richard,+5(4581)37-68-47,4116 Eu St
Dustin,Cleveland,+26(284)324-37-42,5225 Lacinia St
Orlando,Levy,+2(4835)771-23-76,8892 Ipsum Rd
Ayanna,George,+8(612)894-83-97,3857 Euismod St
Veronica,Riddle,+4(3859)689-45-36,2149 Mauris St
Ray,Galloway,+4(2984)44-1-4,3989 Elit Ave
Karen,Sexton,+223(547)673-57-77,2912 Eget St
Nicholas,Williams,+3(2477)74-4-6,940 Cras Ave
Beverly,Lowery,+7(7967)21-8-4,5915 Tristique Ave
Cameran,Mcmahon,+3(344)776-82-82,1851 Ut Ave
Octavius,Lewis,+3(3425)15-89-36,951-8667 Ut Ave
Indira,Coleman,+272(214)665-26-47,7075 Vel Ave
Brenden,Mclaughlin,+5(222)842-31-77,7854 Ipsum St
Charles,Witt,+776(439)337-55-86,6435 Et Rd
Burke,Farmer,+3(265)492-25-74,8599 In Rd
Erin,Wilkins,+51(392)482-36-41,692-4953 Magna Rd
Jordan,Henson,+3(5226)76-66-21,6217 Magna St
Leandra,Coleman,+1(6552)45-3-3,874-6831 Mollis St
Fredericka,Guerra,+4(6512)54-3-2,743-4038 Eget Rd
Pearl,Cooley,+84(141)448-46-65,8847 Nascetur St
Sydnee,Stevens,+4(9469)54-67-34,808-1029 Et Rd
Alana,Hartman,+527(428)664-72-79,264-462 Donec St
Erica,Maldonado,+29(598)964-62-62,9067 Donec Ave
Shelley,Vega,+2(8346)77-42-42,540-5933 Ut St
Irene,Price,+2(7557)855-69-34,7566 Non Ave
Madison,Santiago,+4(6975)55-3-2,4777 Sagittis Rd
Carl,Richards,+3(1825)52-24-33,5400 Adipiscing Rd
Gwendolyn,Jensen,+8(7349)57-5-7,5766 Ipsum Ave
Jakeem,Key,+43(254)466-27-97,639-6237 Orci Rd
Adria,Ruiz,+3(728)888-33-66,9268 Orci Ave
Ignacia,Bush,+251(786)734-82-24,2627 Urna St
Lionel,Jacobson,+2(2551)27-82-33,6046 Sit St
Katell,Atkins,+2(9727)53-84-47,4881 Mollis St
Shellie,Tucker,+6(424)783-71-67,6416 In Ave
India,Shaw,+5(6419)637-81-27,7666 Non Rd
Alyssa,Mccray,+7(2567)73-23-51,169-1552 Mi Ave
Hanae,Ballard,+9(2566)92-2-7,4453 Imperdiet Rd
Ifeoma,Fulton,+2(3197)17-6-1,6106 Maecenas St
Tatum,Hale,+753(843)889-85-76,4695 Sed St
Branden,Fox,+4(9367)79-6-4,6772 Duis Rd
Emma,Sharpe,+7(7899)828-26-44,2581 Luctus Rd
Judah,Ray,+8(4723)43-87-97,4436 Cras St
Vaughan,Kinney,+764(976)592-69-53,280-2960 Fermentum St
Kevyn,Rasmussen,+2(8625)575-75-53,140-708 Libero Rd
Zachery,Carson,+2(7697)46-7-8,6617 Ligula St
Melyssa,Gregory,+5(5528)35-83-43,177-8182 Arcu Ave
Ashton,Cherry,+6(515)742-31-43,9329 Mi Ave
Carly,Benton,+2(1241)38-83-97,434-7880 Feugiat St
Clementine,Blanchard,+1(3529)21-46-13,7225 Egestas Rd
Gage,Buchanan,+9(8492)951-34-65,5678 Sed St
Brian,Duke,+57(555)589-54-59,260-1281 Dolor Rd
Leila,Marshall,+66(738)498-82-24,8083 Sit Ave
Sade,Torres,+2(7752)37-22-22,646-8679 Ut Ave
Fitzgerald,Carpenter,+5(3627)178-73-76,177-7875 Luctus Rd
Hyacinth,Chaney,+531(617)836-94-32,138-4280 Lobortis St
Lacota,Peterson,+92(483)298-78-85,6554 Libero St
Linus,Simon,+1(7331)92-13-75,994 Lobortis St
Todd,Barron,+3(3268)354-35-23,6456 Nonummy St
Janna,Chang,+83(338)424-91-16,1540 Ultrices Rd
Ryder,Britt,+12(256)668-52-25,352 Integer Ave
Raymond,Cannon,+3(411)658-31-28,552-5265 Primis Rd
Zahir,Langley,+3(4935)13-2-9,1287 Nibh Ave
Damian,Mcfadden,+2(891)927-13-54,6175 Pellentesque Rd
Buckminster,Martin,+5(1622)52-24-23,491-8127 Donec Ave
Vivian,Newman,+436(568)623-85-74,305-4648 Sem St
Derek,Knox,+2(747)476-46-74,394 Aliquet Ave
Hanna,Gill,+5(758)547-36-69,819-9903 A Ave
Knox,Carr,+4(3822)96-34-65,5847 Fermentum St
Germaine,Dickerson,+52(747)484-28-49,216-5045 Cras St
Lacey,Morton,+96(792)224-29-39,5781 Ac St
Adrian,Reynolds,+2(9988)73-2-6,5151 Fermentum Rd
Demetria,Mcdonald,+2(667)985-86-35,270-257 Ante Rd
Edan,Casey,+4(9352)39-2-6,9155 Vulputate Ave
Karyn,Henry,+2(253)558-47-38,679 Cras Rd
Juliet,Blanchard,+9(5674)686-42-92,881-2848 Aliquet St
Blake,Navarro,+2(882)268-35-41,8241 Lobortis Rd
Karly,Humphrey,+62(186)457-85-83,401-3446 Pellentesque St
Lamar,Rosales,+8(8353)69-88-25,3507 Turpis Rd
Beau,Santana,+63(767)232-43-85,9215 Consectetuer St
William,Massey,+7(4676)82-2-5,1229 Montes St
Yen,Berger,+64(725)676-56-26,1979 Aliquam Ave
Dawn,Carrillo,+22(826)319-58-51,3568 Egestas Ave
Ursa,Alvarado,+7(5756)68-53-77,8288 Dapibus Ave
Amos,Hogan,+4(669)876-29-46,8793 Montes St
Isabella,Doyle,+747(582)817-52-65,114-9796 Sem St
Joel,Langley,+58(458)555-37-58,599-6661 Praesent St
Hammett,Williamson,+8(3156)71-63-12,583 Lorem St
Kaseem,Serrano,+5(9266)51-87-77,686-1042 Pellentesque Rd
Nelle,Franklin,+4(8882)24-11-75,1358 Magna St
Rama,Goff,+65(999)575-65-63,7883 Malesuada Rd
Merrill,Casey,+336(583)112-14-11,983-7277 Dis St
Sade,Mcdaniel,+6(359)623-31-25,630-3604 A St
Solomon,Owens,+4(9452)29-37-96,9430 Aliquet Rd
Hyacinth,Stevenson,+53(534)656-85-26,6110 Ornare Rd
Iola,Sargent,+2(2222)82-27-68,654-1781 Facilisis St
Cara,Reynolds,+8(8732)354-32-75,6091 Et St
Barry,Cooley,+678(894)339-26-62,667-7150 Vel St
Todd,Newton,+3(2938)14-12-61,7512 Curabitur Ave
Logan,Ortega,+4(8325)77-38-28,2231 Natoque Ave
Rudyard,Bullock,+4(7411)44-74-49,655-5078 Aliquet St
Bertha,Sykes,+3(8644)68-3-4,132 Aliquam Rd
Keane,Reeves,+2(6755)652-51-84,1124 Eget St
Hayden,Mcgowan,+3(473)629-73-44,541-873 Augue Rd
Carol,Massey,+4(4498)36-3-5,434-7289 Nam St
Keelie,Hardy,+464(868)593-28-48,3126 Orci Rd
Lewis,Schultz,+2(8835)63-52-95,3456 Sit Rd
Dylan,Levine,+7(3717)47-57-73,6737 Cum Ave
Ruth,Higgins,+82(345)636-34-18,290-9863 Faucibus Rd
Malachi,Terrell,+88(749)362-56-74,7662 Magna Rd
Dylan,Church,+4(414)344-75-65,472-6619 Vitae Ave
Michael,Carroll,+48(247)826-71-46,125 Condimentum St
Thane,Goff,+2(8565)24-64-25,725-1336 Nisl Ave
Joshua,Mckinney,+2(4565)66-94-54,169 Vulputate St
Eve,Rush,+84(767)554-82-87,940 Suspendisse Rd
Vielka,Joseph,+5(868)623-77-83,1520 Quisque Rd
Celeste,Hughes,+5(6395)37-4-7,4020 Sollicitudin Ave
Palmer,Gillespie,+471(534)744-22-63,7909 Commodo Rd
Alyssa,Bailey,+523(696)778-48-45,7322 Dolor St
Hiram,Finley,+9(3227)816-96-98,1833 Donec Ave
Burke,Floyd,+5(4355)452-88-68,1955 Sed Ave
Brennan,Meyers,+8(4629)44-46-13,3249 Ultrices St
Alden,Levine,+4(978)743-87-51,2028 Adipiscing Ave
Kirsten,Cleveland,+713(485)174-58-63,3557 Dis Ave
Kadeem,Burton,+9(5576)339-14-74,136-2955 Suspendisse Ave
Kaye,Browning,+7(4573)19-6-2,359-2452 Sit Rd
Roary,Flowers,+26(942)471-44-62,4308 Tincidunt St
Keane,Bishop,+5(8962)85-9-4,7358 Congue Ave
Bevis,Durham,+8(577)545-62-97,4836 Nascetur Rd
Quail,Eaton,+4(4448)35-64-86,5293 Nulla Rd
Chancellor,Becker,+6(9734)556-17-32,758-1822 Consectetuer Rd
Nyssa,Marks,+383(665)447-59-67,727-313 Aliquam Ave
Hoyt,Ballard,+5(8735)84-7-3,2285 Eros Ave
Audra,Chavez,+8(4749)63-89-47,8183 Amet St
Martina,Barnes,+822(277)484-75-77,7100 Ac Ave
Ariel,Roman,+177(882)564-99-57,500-1228 Magnis Rd
Alexander,Charles,+2(662)882-63-45,8462 Aenean Rd
Serina,Neill,+8(4493)37-96-37,673 Lacus Rd
Patience,Adams,+2(342)674-85-67,166-8077 Pede Ave
Zenia,Reed,+9(1332)43-83-92,387-7471 Libero Rd
Tiger,Weeks,+5(4317)76-28-22,3205 Ullamcorper St
Aladdin,Winters,+7(8485)284-17-66,200-2333 Egestas Ave
Unity,Cardenas,+4(5745)94-7-3,905-5569 Per Ave
Colin,Goodwin,+2(1424)983-64-54,8230 Feugiat St
Hall,Fleming,+9(6854)37-8-1,2006 Ut Ave
Mark,Meyer,+8(383)665-49-82,4619 Diam Ave
Hu,Preston,+85(427)224-66-47,2284 Fusce Rd
Cullen,Slater,+5(3648)82-69-52,1356 Malesuada Ave
Molly,Roth,+1(9988)43-6-2,539-9212 Fermentum Ave
Nehru,Benton,+2(7215)476-76-75,5770 Neque Ave
Ray,Fleming,+682(332)133-27-54,1104 Lorem Ave
Jason,Warren,+8(362)449-53-62,4905 Sit Rd
September,Cole,+7(8943)48-48-71,952-2445 Tempus St
Iola,Cabrera,+83(558)934-17-48,923-3178 Erat Ave
Orla,Joyce,+4(649)435-32-36,2596 Sit Rd
Hayes,Day,+1(3588)425-52-36,1125 Mauris Rd
Marcia,Adkins,+546(397)428-61-42,1970 Nec St
Ashely,Humphrey,+8(5746)54-9-2,2046 Nam Ave
Nelle,Holden,+7(6684)95-7-6,308-2617 Vestibulum St
Evangeline,Barker,+667(823)491-43-28,3453 Gravida Ave
Mara,Dillard,+6(675)663-27-21,1753 Magna Rd
Abbot,Higgins,+8(9772)322-67-98,9832 Ornare St
Vanna,Bailey,+4(8228)45-45-22,2403 Egestas Rd
Lester,Keith,+337(843)296-72-96,864-501 Interdum Ave
Isaiah,Oneal,+7(468)853-64-29,6764 Ipsum Rd
Delilah,Keith,+232(123)842-46-13,8561 Adipiscing Rd
Cailin,Tanner,+9(364)612-55-44,804-8015 Leo Rd
Keiko,Foreman,+3(3649)62-8-4,346-345 Eu Ave
Maisie,Shaw,+3(3655)761-17-34,575-2592 In St
Wyatt,Mitchell,+7(7655)979-32-85,339-813 Bibendum Rd
Philip,Lawrence,+822(557)257-25-93,653-7096 Sed Ave
Otto,Ryan,+234(582)671-87-48,311-9832 Ligula St
Lester,Marquez,+18(794)763-28-37,7671 Laoreet Ave
Hasad,Barton,+4(4215)35-67-77,4727 Sagittis Ave
Wyatt,Mclean,+2(624)347-82-17,2073 Sodales St
Nigel,French,+7(9333)32-4-6,2876 Elit St
Imelda,Sheppard,+4(883)325-23-39,825 Conubia Rd
MacKenzie,Bowman,+6(8973)662-53-34,4671 Quam Rd
Kameko,Snow,+4(7671)37-98-25,221-8691 Dapibus Ave
Driscoll,Richard,+5(551)868-47-97,1566 Tellus Ave
Neil,Odom,+2(3382)575-32-12,8229 Vivamus St
Yen,Barker,+5(7461)63-31-83,114-4207 Felis St
Velma,Rosa,+6(4227)142-63-62,810-9638 Arcu St
Austin,Cherry,+666(733)757-26-26,279-3786 Diam Ave
Felicia,Bryan,+7(4256)276-25-29,356-3811 Malesuada Ave
Preston,Kelly,+1(3312)51-3-4,320-1173 Aliquam St
Ursula,Martin,+374(565)174-39-25,6133 Lobortis Rd
Merrill,Miles,+9(254)674-67-96,296 In Rd
Donna,Vinson,+334(623)742-82-16,451-1171 Mauris Rd
Jamal,Eaton,+269(751)658-85-71,1531 Eu Ave
Evangeline,Frye,+43(633)275-71-63,943-4556 Nibh Ave
Ali,Valencia,+5(223)721-68-88,5592 Ut Rd
Wallace,Walton,+5(7324)34-27-56,3514 Nisi St
Ocean,Gross,+1(1436)615-53-85,8198 Sit St
Ina,Benson,+3(4535)36-42-33,3849 Nec St
Lars,Ayala,+8(1529)12-4-4,8065 Sagittis Ave
Ralph,Sullivan,+3(6776)528-74-36,8678 Cras St
Melyssa,Roach,+4(639)234-23-98,7646 Libero Rd
Naida,Burks,+9(8686)55-1-8,3956 Adipiscing St
Lewis,Cardenas,+5(746)661-28-78,8323 Molestie Rd
Barclay,Rush,+5(8485)32-97-84,173 Ipsum Ave
Byron,Sutton,+4(7371)56-2-8,171-1083 Magna St
Skyler,Norris,+27(594)616-26-85,915-2298 Magna St
Benedict,Mckinney,+5(4952)23-51-55,2926 In Ave
Asher,Riggs,+3(228)264-34-32,7947 Sit Ave
Madeson,Walton,+8(243)426-56-15,7690 Duis Ave
Conan,Fitzpatrick,+86(264)236-64-66,6723 Vulputate St
Adam,Winters,+7(834)657-87-85,2916 Turpis Rd
Clark,Guzman,+9(7475)554-64-47,7694 Dui St
Juliet,Stone,+37(734)681-64-45,9159 Penatibus Rd
Eve,Vega,+268(735)991-59-94,207-4976 Semper Ave
Timothy,Kramer,+61(745)341-23-39,5270 Magna Ave
Sylvia,Smith,+4(684)419-68-48,935-1478 Varius Ave
Dora,Olsen,+516(673)726-64-55,1958 Nisl Rd
Zephania,Moore,+23(471)397-66-37,6223 Enim Ave
Chester,Riley,+3(1454)88-1-3,8436 Sapien Rd
Gray,Savage,+3(5484)542-26-87,5611 Nec Rd
Damon,Vargas,+1(8926)428-53-82,396-1486 Aenean St
Claudia,Taylor,+5(5732)63-2-3,7916 In Ave
Hayes,Burt,+2(2945)53-63-88,9529 Diam St
Otto,Pruitt,+933(135)838-25-37,5074 Vel Rd
Desirae,Fleming,+67(365)368-34-29,885 Eleifend Ave
Malcolm,Goff,+64(581)384-85-52,7138 Amet Rd
Jana,Mcfadden,+14(322)268-29-26,4553 Ante Ave
Lenore,Steele,+2(322)992-84-98,428-1492 Lobortis Ave
Griffith,Elliott,+3(8142)58-6-3,4047 Eget Rd
Keaton,Bowman,+81(584)265-31-78,7666 Nibh Ave
Winifred,Lawson,+25(311)596-75-83,974 Diam St
Hadley,Evans,+271(776)223-63-95,948 Morbi Ave
Armand,Acevedo,+259(262)226-33-36,546 Sit Ave
Cade,Allen,+6(2736)688-68-77,1052 Ultrices Ave
Hilary,Perkins,+2(764)416-42-48,3097 Feugiat St
Dieter,Parrish,+4(3885)85-9-3,8569 Integer Ave
Brielle,Alvarez,+6(8289)335-87-48,416-9631 Feugiat Ave
Fiona,Atkins,+2(8637)37-3-4,5521 Scelerisque Rd
Lois,Benton,+552(189)437-46-24,212-4932 Nec Rd
Owen,Wooten,+1(8967)14-4-6,831-6861 Dapibus St
Gil,Blanchard,+8(8453)576-85-17,242 Diam Rd
Colt,Meyer,+78(252)942-64-87,5339 Quam Ave
Lacy,Austin,+2(3271)17-8-6,6093 Ut Rd
Vladimir,Curry,+73(732)817-82-25,8407 Commodo Ave
Jordan,Buck,+626(265)211-45-14,1186 Turpis St
Lee,Dawson,+8(758)532-62-85,3223 Molestie St
Jaime,Moore,+8(3282)231-24-17,5715 Nonummy Ave
Jared,Garner,+8(5682)54-91-87,3093 Et Ave
Brenden,Gordon,+5(8711)67-87-87,4819 Turpis St
Gary,Huber,+1(125)273-64-66,2804 Sed Ave
Francis,Salazar,+4(4893)28-81-64,2622 Sodales St
Clark,Holland,+5(5523)97-22-72,4078 Nunc Ave
Erin,Farley,+3(5648)63-56-72,4217 Torquent St
Erasmus,Middleton,+4(5758)75-4-5,3984 Phasellus Rd
Upton,Pitts,+65(938)866-45-65,881-7906 Risus Rd
Carson,Villarreal,+1(3244)892-33-37,975-5031 Pretium Ave
Kim,Mitchell,+5(9573)713-78-17,2592 Vestibulum St
Eugenia,Payne,+676(848)153-37-78,6278 Blandit St
Vielka,Lynn,+3(8343)16-25-48,5285 Id Ave
Hunter,Compton,+4(8269)17-5-3,6193 Augue St
Damon,Lynch,+36(638)232-64-12,9020 Mollis Rd
Lucian,Serrano,+288(921)983-68-68,9735 Metus St
Rashad,Sexton,+5(6245)64-36-34,969-7756 Curabitur St
Basia,Zimmerman,+6(7724)71-38-39,8188 Id St
Geoffrey,Benjamin,+3(5462)38-87-69,2432 At Ave
Sydney,Delaney,+6(2225)584-12-57,1243 Proin Ave
Todd,Farrell,+2(7214)26-56-64,812-3422 Luctus St
Declan,Lang,+6(4234)68-1-7,8106 Lobortis Ave
Jamalia,Huff,+7(3531)36-61-26,7321 Nunc St
Timon,Vang,+5(464)148-38-22,2714 Amet Rd
Dana,Gaines,+5(4715)123-75-48,5775 Et Rd
Elmo,Gibson,+9(3451)89-4-4,278-2972 Odio Rd
Echo,Callahan,+32(827)645-91-55,4791 Feugiat Rd
Rama,Good,+7(2653)96-5-3,6251 Ac Ave
Mechelle,Campos,+1(7355)51-43-25,8696 Dis Ave
Preston,Skinner,+287(981)528-65-88,8627 Nunc Ave
Cadman,Figueroa,+28(338)947-46-28,7246 Non Rd
Chelsea,Ochoa,+34(446)381-68-52,1303 Sed Ave
Damian,Church,+7(739)372-98-74,9990 Enim Rd
Yoshi,Campos,+5(3529)73-7-6,6596 Cursus Rd
Oliver,Foster,+26(113)376-55-47,6730 Elit Ave
Felicia,Sawyer,+3(6875)896-88-76,4086 Fusce St
Serena,Marsh,+5(5493)56-62-92,3773 Vel St
Barrett,Mcconnell,+4(1337)946-53-63,2469 Rhoncus St
Merrill,Callahan,+4(7756)546-78-75,8784 A Rd
Cain,Hood,+45(771)565-95-57,1229 Dis St
Victoria,Whitney,+2(8557)83-1-4,8912 Accumsan St
Ulysses,Mullen,+65(334)751-37-83,7657 Vitae Ave
Leilani,Crane,+4(2632)837-67-64,9368 Duis Ave
Keely,Mcmillan,+7(2246)56-2-8,347-3720 Est St
Linus,Burris,+5(544)397-45-34,9712 Egestas St
Amela,Dudley,+1(7286)78-79-37,7397 Lectus Ave
Calista,Morse,+7(4165)53-83-97,376 Aliquam Rd
Lars,Daniels,+746(584)669-54-61,6892 Molestie Rd
Ferdinand,Mason,+3(5422)45-5-7,7246 Odio St
Madaline,Whitehead,+9(5864)22-26-46,4460 Molestie Ave
Zorita,Wood,+2(7983)46-36-35,5737 Eu Ave
Melodie,Hurst,+7(6535)471-73-53,8175 Feugiat St
Alexa,Murphy,+7(342)382-34-75,1271 Euismod Ave
Ulla,Dixon,+2(623)884-39-47,6855 Turpis St
Rebekah,Howard,+7(392)924-63-78,5856 Fermentum St
Bernard,Hancock,+9(6733)72-28-99,185-2984 Aliquet Rd
Otto,Marks,+148(422)579-54-61,2949 Eget Rd
Vaughan,Farmer,+5(5916)727-73-85,6376 Nec Ave
Fallon,Sanford,+8(7494)87-69-36,8579 Non St
Christen,Cannon,+4(328)852-25-76,9995 Ac St
Colton,Reid,+744(363)252-83-18,1862 Enim St
Allegra,Mays,+8(2736)85-8-2,2819 Tellus Rd
Callie,Salas,+5(3334)449-73-89,3345 Tempus St
Nolan,Hunt,+9(8226)767-77-12,1123 Tristique Ave
Duncan,Ballard,+5(2242)615-58-67,8099 Integer Ave
Kennedy,Wilkinson,+758(782)743-76-36,292-6275 Lorem Rd
Nissim,Underwood,+776(424)436-25-66,5664 Sed St
Libby,Nielsen,+9(2386)25-76-26,191-7919 Id St
Ciara,Mcclure,+174(925)122-22-24,2575 Egestas Rd
Yeo,Sutton,+7(223)883-43-21,8361 Mus Ave
Chloe,Cantu,+54(973)853-59-63,503-9067 Ut St
Courtney,Williams,+5(2238)836-34-42,9849 Parturient Rd
Jolie,Mathews,+52(484)155-72-45,2989 Facilisis Rd
Jacqueline,Sims,+569(884)236-87-63,814-5510 Vel Ave
Geoffrey,Benjamin,+4(222)766-82-77,9830 Phasellus St
Zorita,Anderson,+79(694)376-47-64,9779 Morbi St
Yoshi,Livingston,+9(7824)27-7-7,9509 Nibh Rd
Maia,Valdez,+624(522)747-65-48,573 Parturient Rd
Colleen,Mueller,+8(465)861-59-15,1926 Commodo St
Amanda,Boyer,+2(167)345-25-56,3626 Orci Ave
Doris,Morrow,+9(3934)43-1-5,9549 Dictum St
Igor,Coleman,+8(4544)442-74-15,6222 Tellus St
Helen,Fulton,+44(145)722-71-24,997 Cras St
Kirestin,Dyer,+7(258)145-48-93,7026 Nulla Rd
Garrison,Ferrell,+65(389)357-75-68,2691 Molestie Ave
Ocean,Valencia,+1(2833)655-55-56,4468 Mauris Ave
Hanae,Franks,+343(127)473-62-72,712-5366 Vulputate St
Ima,Levy,+4(743)896-76-39,760-396 Non St
Maris,Sparks,+54(979)178-54-96,5205 Luctus Rd
Myles,Daniel,+88(857)241-21-45,7944 Dolor St
Alea,Boone,+3(386)546-58-86,304-9868 Sit Rd
Lydia,Head,+4(2167)777-28-79,913-2416 Dapibus Rd
Mikayla,Donnell,+4(226)855-82-75,2406 Magnis St
Michelle,Ferguson,+546(372)677-54-38,3235 Sapien St
Vladimir,Barr,+3(6396)733-83-45,676 Lacus St
Nathaniel,Flowers,+9(2946)48-29-24,9695 Dis Rd
Wade,Byrd,+7(9985)38-2-1,151-2416 Dignissim Rd
Uriel,Holmes,+8(3357)53-4-1,645-8466 Eleifend Rd
Mona,Foster,+5(7322)67-64-83,293-8421 Auctor Ave
Alexis,Phillips,+13(433)682-83-75,751-2263 Pharetra St
Nissim,Whitney,+4(7727)72-13-57,371-9557 Venenatis St
Graiden,Landry,+3(2842)52-9-3,3922 Aenean St
Ariana,Shields,+4(8549)58-1-1,6861 Semper St
Alyssa,Donaldson,+9(3487)188-91-54,8005 Integer Rd
Indira,Mayo,+327(876)625-68-38,9363 Amet Ave
Brenden,Kline,+6(4588)959-53-71,7548 Pede Ave
Shellie,James,+55(353)474-73-24,4802 Ac St
Jamalia,Richards,+978(364)639-78-62,3092 Ornare Rd
Oliver,Pruitt,+8(4723)624-94-58,5536 Rutrum Ave
Bradley,Keith,+42(848)278-27-46,8738 Varius Rd
Chava,Acosta,+46(326)156-72-27,5172 Faucibus St
Ryder,Huber,+629(648)183-32-73,5039 Purus Ave
Rylee,Carey,+546(153)475-62-48,673-4237 Eu Ave
Burton,Chandler,+7(2766)57-67-38,4394 Molestie Rd
Alice,Mills,+7(522)762-62-67,9916 Ac Rd
Tanek,Cooper,+3(7858)48-72-47,3252 Orci Rd
Jael,Stewart,+2(5132)55-86-45,9446 Tempus Rd
Wade,Huff,+2(3269)54-4-2,4315 Dignissim Rd
Nash,Underwood,+6(2821)223-18-42,7664 Non Ave
Hector,Shannon,+9(485)562-64-65,1987 Gravida Ave
Ava,Kline,+85(611)577-55-22,268-7313 Ut St
Amir,Fields,+2(158)243-73-12,964 Mi St
Alfreda,Palmer,+74(673)375-77-65,2710 Turpis Rd
Ivory,Howell,+545(858)543-76-59,3225 Magnis St
Steven,Tyler,+65(658)634-76-66,857-5328 Pretium Rd
Mia,Reid,+7(7229)16-8-6,500 Tempor St
Raja,Sharp,+7(5148)515-13-82,821 Aliquet St
Axel,Bean,+2(4816)718-18-19,599-7065 Tempus Ave
Ishmael,Mcdaniel,+33(574)367-21-29,355-4929 Justo St
Danielle,Schwartz,+67(476)652-58-52,7925 Dui Rd
Jerome,Boyle,+872(779)167-65-47,765-8090 Turpis Ave
Lawrence,Fox,+3(1422)84-4-6,6750 Gravida St
Jaquelyn,Allen,+14(774)686-74-63,1955 Cras Ave
Marshall,Whitley,+35(544)431-35-32,1342 Nascetur Ave
Deacon,Webb,+4(9548)58-4-6,4225 In Rd
Hilary,Guerrero,+6(3389)253-43-77,2468 Sem St
Oscar,Conrad,+7(9692)23-18-79,133-264 Elit Ave
Grady,Phillips,+2(567)379-25-67,294-7220 Pellentesque Rd
Aphrodite,Velez,+2(2855)58-77-63,2069 Tincidunt St
Alden,Jordan,+3(8975)261-68-23,3138 Eu Rd
Elliott,Mcmahon,+8(7683)63-8-6,9940 Donec St
Indigo,Stone,+8(1731)759-85-46,608-598 In Ave
Kasimir,Harrington,+1(7233)33-8-4,394-4315 Integer Ave
Alan,Manning,+4(7725)67-82-94,890-8184 Tellus Rd
Kalia,Marsh,+6(3725)52-44-54,642-4513 Cubilia Rd
Brady,Lawrence,+8(7779)133-29-76,842-4734 Eros Ave
Todd,Parsons,+2(5798)72-1-2,3470 Quis St
Russell,Monroe,+4(849)222-62-54,7699 Etiam St
Nasim,Lopez,+7(6612)41-3-5,9968 Penatibus Rd
Karina,Zamora,+516(776)666-25-49,7472 Pretium Ave
Maggy,Sheppard,+6(142)815-67-54,7511 Habitant Rd
Barrett,Castro,+136(862)657-53-47,3245 Turpis Ave
Micah,Dale,+2(8691)54-7-4,5855 Libero St
Quintessa,Russell,+59(325)411-47-72,722-7366 Lacus Rd
Hyatt,Blanchard,+7(8562)442-79-49,2857 Accumsan St
Yuli,Shannon,+957(241)142-24-51,5868 Scelerisque Ave
Herman,Landry,+382(891)393-24-76,536-8339 Odio Ave
Rama,Whitaker,+8(5354)728-36-92,849-8271 Ipsum St
Micah,Lowery,+4(8759)297-47-59,7933 Semper Ave
Gage,Fischer,+4(6338)56-81-52,4187 Quisque Rd
Katelyn,Mack,+5(3835)16-8-7,7878 Luctus Rd
Nyssa,Charles,+2(3642)28-85-34,708-5985 Dictum St
Lane,Durham,+3(8732)86-82-28,5141 Mauris St
April,Wong,+52(667)673-88-53,4775 Nec Ave
Igor,Bolton,+6(466)888-46-33,745-1737 Arcu Rd
Mariam,Gay,+48(124)235-43-86,1563 Auctor St
Peter,Allen,+2(9858)43-4-4,2041 Est St
Sawyer,Mccarthy,+83(732)526-22-75,6173 Risus Rd
Ariana,Shelton,+7(6357)33-7-1,9725 Non Ave
Rooney,Pope,+3(4492)332-38-44,5461 Lobortis Rd
Thor,Scott,+8(7113)253-81-98,6282 Mauris Rd
Whoopi,Vazquez,+5(6536)35-88-54,5431 Ligula Ave
Kane,Lowery,+441(397)417-93-89,755 Felis St
Jacob,Rojas,+76(274)362-43-19,481-651 Nascetur Rd
Debra,Merrill,+4(4897)76-23-66,811-2768 Ipsum Ave
Bruce,Barnett,+3(347)943-67-84,9423 Amet Rd
Gary,Buckley,+2(471)685-88-22,6270 Eu Rd
Ruby,Camacho,+861(846)225-65-84,732-521 Non Rd
Yvonne,Richardson,+782(779)238-76-45,6950 Ipsum St
Rafael,Hines,+1(858)594-45-47,6208 Malesuada Ave
Clarke,Sanders,+8(8588)822-78-23,1240 Pellentesque St
Ferdinand,Howell,+9(728)459-21-73,6333 Semper Ave
Keane,Morgan,+849(666)267-39-81,951-4233 Semper Ave
Maggie,Stone,+5(777)882-88-35,192-4306 Cubilia St
Jared,Adams,+5(6855)23-6-3,3663 Ut Rd
Maris,Ingram,+1(943)371-85-14,290-506 Sed Rd